n_players,n_passes_completed,pass_attempts,completion_rate,density_dir,reciprocity,mean_out_deg,mean_in_deg,global_clustering,assortativity,n_communities,modularity,mean_deg_cent,max_deg_cent,mean_betw,max_betw,mean_close,max_close,mean_eigen,max_eigen,algebraic_conn,spectral_gap,mean_pass_len,forward_ratio,mean_progression,mean_start_x,mean_end_x,side_bias,lateral_ratio,pct_pass_by_DEF,pct_pass_by_GK,pct_pass_by_MID,pct_pass_by_FWD,team_id,team,cluster,proto
18,1091,1091,1.0,0.6111111111111112,0.7914438502673797,60.611111111111114,60.611111111111114,0.806290207290922,-0.24029241824921652,3,0.11712276344829502,0.7385620915032679,1.0,0.07073801742919389,0.32861519607843137,0.8095402648034227,1.0,0.1869285861471432,0.47308445107799374,0.6905684318147078,0.07369350427421462,20.306097632246175,0.39780018331805683,4.565536205316223,57.648029330889095,62.213565536205316,0.02761228230980759,0.6748592843988864,0.0,0.0,1.0,0.0,799,Saudi Arabia,2,balanced
17,1110,1110,1.0,0.7205882352941176,0.8367346938775511,65.29411764705883,65.29411764705883,0.8784982935153584,-0.20088338912940207,3,0.10512012012012006,0.8382352941176471,1.0,0.07600490196078431,0.30652777777777773,0.8738379573124175,1.0,0.21530665594523915,0.3983639585717293,0.7370433545899119,0.03576298851149362,22.277527009767073,0.4972972972972973,7.728828828828829,63.0990990990991,70.82792792792793,0.058581081081081086,0.5824132338452988,0.0,0.0,1.0,0.0,796,Russia,1,direct-counter-high-connectivity
16,868,868,1.0,0.6708333333333333,0.8322981366459627,54.25,54.25,0.8795955882352942,-0.19691723444655632,3,0.03287723778377109,0.7833333333333333,0.9333333333333333,0.07006944444444446,0.25388888888888894,0.8378599893855594,0.9375,0.21153851087435377,0.4293037004527299,0.7898435654685801,0.06587808507631587,21.723777227256672,0.4861751152073733,6.600230414746544,57.104838709677416,63.705069124423964,0.07980990783410143,0.6224795106872449,0.0,0.0,1.0,0.0,775,Nigeria,0,direct-counter
15,1340,1340,1.0,0.6904761904761905,0.8413793103448276,89.33333333333333,89.33333333333333,0.8921568627450981,-0.20504385964911326,3,0.051879037647583025,0.7999999999999999,1.0,0.08815628815628815,0.5531135531135531,0.8518996145466733,1.0,0.21791578236778625,0.4162277457359172,0.7666078962412145,0.06760283752783391,21.315340868868528,0.48208955223880595,5.95820895522388,58.02388059701492,63.982089552238804,0.05042910447761191,0.6398727170032362,0.0,0.0,1.0,0.0,785,Croatia,3,high-connectivity
14,930,930,1.0,0.7252747252747253,0.8484848484848485,66.42857142857143,66.42857142857143,0.854381443298969,-0.3170631665299388,2,0.1254243265117354,0.8351648351648352,1.0,0.07852564102564101,0.37927350427350426,0.8723732475446319,1.0,0.21932363709053168,0.5534060297334233,0.6462997337868018,0.1911276380257534,21.619779207325912,0.4774193548387097,5.778494623655914,52.8741935483871,58.652688172043014,-0.07354838709677428,0.6291285815640498,0.0,0.0,1.0,0.0,792,Australia,2,balanced
15,1716,1716,1.0,0.8476190476190476,0.8876404494382022,114.4,114.4,0.9405940594059405,-0.14429530201339355,3,0.05231595812889521,0.942857142857143,1.0,0.08846153846153845,0.37362637362637363,0.9483333333333335,1.0,0.2305579247052383,0.42549645485237003,0.7893886618400493,0.10196645757173539,20.526865309163888,0.49184149184149184,6.723776223776224,60.3513986013986,67.07517482517483,0.03988927738927739,0.6206695532985504,0.0,0.0,1.0,0.0,771,France,3,high-connectivity
16,522,522,1.0,0.6416666666666667,0.7792207792207793,32.625,32.625,0.8153409090909091,-0.25299920021327144,2,0.07913125174322166,0.7833333333333333,1.0,0.068234126984127,0.22063492063492066,0.8357912767379678,1.0,0.22071381361199105,0.43358216474697336,0.7233303193802495,0.03497367055911815,24.666971552809215,0.5747126436781609,12.503831417624522,60.08045977011494,72.58429118773947,0.010392720306513326,0.5817211668753587,0.0,0.0,1.0,0.0,793,Iceland,1,direct-counter-high-connectivity
18,1276,1276,1.0,0.6633986928104575,0.8472906403940886,70.88888888888889,70.88888888888889,0.8125,-0.2847217089215746,3,0.0722560091783689,0.7647058823529411,1.0,0.08244063829235398,0.5487453314659196,0.8273210168366538,1.0,0.20070953184559778,0.4734965862091938,0.7239876783017898,0.03360167118848367,19.402344140099565,0.3996865203761755,3.153605015673981,65.65047021943573,68.80407523510972,-0.052782131661441946,0.6868819649323494,0.0,0.0,1.0,0.0,779,Argentina,2,balanced
15,829,829,1.0,0.638095238095238,0.8059701492537313,55.266666666666666,55.266666666666666,0.8514970059880239,-0.22926431628285895,2,0.11788004499149496,0.7619047619047621,1.0,0.08538461538461538,0.35915750915750916,0.8259736886207475,1.0,0.22078063953532517,0.4395437462627164,0.6906817631595035,0.10396978011862812,21.949890897576346,0.45958986731001206,7.416164053075995,61.34258142340169,68.75874547647769,0.07322074788902296,0.6665242274841383,0.0,0.0,1.0,0.0,776,Denmark,2,balanced
15,924,924,1.0,0.7142857142857143,0.8,61.6,61.6,0.8832188420019627,-0.24635816716486097,3,0.11586938494406025,0.8571428571428571,1.0,0.07875457875457874,0.5695970695970697,0.8873196881091618,1.0,0.22960114285608527,0.41986697986570093,0.6952109425038355,0.02980207089534348,20.45561908757786,0.47943722943722944,6.152597402597403,61.853896103896105,68.00649350649351,-0.059280303030303114,0.6539927635027708,0.0,0.0,1.0,0.0,784,Peru,1,direct-counter-high-connectivity
16,1760,1760,1.0,0.8333333333333334,0.93,110.0,110.0,0.9024571854058079,-0.14370546318291041,2,0.13979790805785117,0.8916666666666667,1.0,0.07767857142857143,0.3126984126984127,0.9093027836134453,1.0,0.20054722853230006,0.5182544833212108,0.6326474973636127,0.0508667298598211,18.674131508980516,0.4596590909090909,4.396590909090909,63.127272727272725,67.52386363636364,-0.061406249999999926,0.6953122043466716,0.0,0.0,1.0,0.0,781,Brazil,3,high-connectivity
15,995,995,1.0,0.6238095238095238,0.8091603053435115,66.33333333333333,66.33333333333333,0.8714462299134734,-0.2171185986919995,2,0.09807782631751732,0.742857142857143,1.0,0.09185592185592184,0.3474358974358974,0.8167631623049582,1.0,0.2137782733894577,0.42934701519315077,0.7339706539177345,0.12041189202549507,21.551722768425307,0.46331658291457284,6.240201005025126,56.28743718592965,62.527638190954775,0.011381909547738722,0.6520317212296269,0.0,0.0,1.0,0.0,773,Switzerland,2,balanced
17,776,776,1.0,0.5992647058823529,0.8220858895705522,45.64705882352941,45.64705882352941,0.8,-0.2234848484848466,2,0.1028503294717823,0.7058823529411765,1.0,0.07845588235294118,0.21791666666666668,0.791551636147932,1.0,0.20502155983819592,0.45635972213478754,0.7050980266837877,0.09206801530551334,21.791469230815895,0.4742268041237113,6.673969072164948,60.44329896907217,67.11726804123711,-0.06137242268041234,0.6512285231631243,0.0,0.0,1.0,0.0,794,Mexico,2,balanced
18,1302,1302,1.0,0.6470588235294118,0.8686868686868687,72.33333333333333,72.33333333333333,0.7880794701986755,-0.241793305875116,2,0.08728035091941733,0.7320261437908496,1.0,0.08865643479614067,0.3648984593837535,0.8041206307135623,1.0,0.19449955597830443,0.4501710613878944,0.6952297986747443,0.09916856147906472,20.389186446093017,0.4554531490015361,4.092165898617512,71.9431643625192,76.0353302611367,0.0888440860215054,0.6755734978118557,0.0,0.0,1.0,0.0,770,Germany,2,balanced
15,726,726,1.0,0.5952380952380952,0.784,48.4,48.4,0.8431372549019608,-0.1757373400111238,3,0.1054715069553537,0.7238095238095238,0.9285714285714285,0.09105006105006107,0.2750915750915751,0.8030307095725052,0.9333333333333333,0.22449650105757976,0.37935168359474014,0.683463121880201,0.10214970796540412,23.446172323915555,0.522038567493113,8.845730027548209,58.94214876033058,67.78787878787878,0.022727272727272662,0.6407781929908286,0.0,0.0,1.0,0.0,786,Serbia,0,direct-counter
16,682,682,1.0,0.6916666666666667,0.8433734939759037,42.625,42.625,0.8755595344673232,-0.15734005089581657,3,0.06300685408622218,0.7999999999999999,1.0,0.06344246031746033,0.19523809523809527,0.8495385051133638,1.0,0.221439215620468,0.41872748114744335,0.7458958027554726,0.05601518594067412,22.84045269166659,0.46774193548387094,7.683284457478006,56.950146627565985,64.633431085044,-0.0069648093841642835,0.6316843182955567,0.0,0.0,1.0,0.0,795,Costa Rica,1,direct-counter-high-connectivity
17,750,750,1.0,0.5514705882352942,0.76,44.11764705882353,44.11764705882353,0.7664015904572564,-0.24395559275460998,4,0.15262044444444448,0.6838235294117647,0.9375,0.07197712418300653,0.24666666666666667,0.7755896225603969,0.9411764705882353,0.20041031220965733,0.43149101471183476,0.6009646248992169,0.02924070000163259,21.558476956650118,0.4666666666666667,7.158666666666667,59.776,66.93466666666667,-0.05526666666666671,0.6096254343808749,0.0,0.0,1.0,0.0,798,Panama,0,direct-counter
21,2565,2565,1.0,0.6833333333333333,0.8989547038327527,122.14285714285714,122.14285714285714,0.800524934383202,-0.06648016641560886,3,0.19502061413008373,0.7523809523809524,1.0,0.05996240601503758,0.233859649122807,0.80947868804102,1.0,0.17968188969994006,0.41027568677887594,0.38945238645865143,0.12901697251130262,20.86788025886026,0.44951267056530214,5.453021442495126,56.644054580896686,62.097076023391814,0.011959064327485436,0.6669677952265592,0.0,0.0,1.0,0.0,782,Belgium,4,modular
21,2686,2686,1.0,0.669047619047619,0.9252669039145908,127.9047619047619,127.9047619047619,0.8258272058823529,-0.16993885468046407,3,0.1856470549425082,0.7190476190476192,0.9500000000000001,0.06595238095238094,0.23263157894736838,0.7944233188682394,0.9523809523809523,0.16560292354778136,0.4626488475369902,0.3958408819836493,0.012253582877149283,20.655405451301156,0.4419210722263589,4.6537602382725245,58.667907669396875,63.321667907669394,0.014426656738644895,0.6654007421667892,0.0,0.0,1.0,0.0,768,England,4,modular
17,773,773,1.0,0.6139705882352942,0.8502994011976048,45.470588235294116,45.470588235294116,0.7992599444958371,-0.21869932510695023,3,0.08403692540445733,0.7058823529411765,0.9375,0.08305555555555555,0.24944444444444447,0.7905872700406046,0.9411764705882353,0.20182945483465103,0.45632331768539086,0.7495485413226577,0.0424468794073376,21.262671886388205,0.4760672703751617,6.345407503234153,52.53686934023286,58.88227684346701,0.035187580853816236,0.6659446834902029,0.0,0.0,1.0,0.0,777,Tunisia,0,direct-counter
14,353,353,1.0,0.6758241758241759,0.7967479674796748,25.214285714285715,25.214285714285715,0.8301369863013699,-0.2011045258620627,3,0.10849537352839686,0.8131868131868131,1.0,0.08038003663003661,0.28066239316239316,0.8531005384609985,1.0,0.24714043226199875,0.39387716441908005,0.6704751297284401,0.05262966802624702,22.527314171501597,0.5014164305949008,7.328611898016997,59.98016997167139,67.30878186968839,0.08682719546742206,0.6647703767503663,0.0,0.0,1.0,0.0,791,South Korea,1,direct-counter-high-connectivity
19,1234,1234,1.0,0.5614035087719298,0.78125,64.94736842105263,64.94736842105263,0.7967145790554415,-0.1950490230164827,3,0.11838305020633641,0.6842105263157894,0.9444444444444444,0.07165380772191918,0.37670401493930905,0.7780785219866232,0.9473684210526315,0.18658720384580488,0.37422393236730733,0.7062962698648632,0.036482304926852116,23.222219104180468,0.5243111831442464,8.440842787682334,57.78687196110211,66.22771474878444,0.026418152350080958,0.6175682318585065,0.0,0.0,1.0,0.0,790,Sweden,0,direct-counter
18,984,984,1.0,0.5980392156862745,0.8306010928961749,54.666666666666664,54.666666666666664,0.7976744186046512,-0.28301658620079745,3,0.09360076260823585,0.6993464052287581,0.9411764705882353,0.07606889978213507,0.4014705882352941,0.7872333074461779,0.9444444444444444,0.1928531283463426,0.4255084591933125,0.6943661056881703,0.09232991985466832,23.265787350766587,0.4867886178861789,8.425813008130081,58.13719512195122,66.5630081300813,0.028683943089430917,0.5896862906728978,0.0,0.0,1.0,0.0,787,Senegal,0,direct-counter
17,972,972,1.0,0.6139705882352942,0.8023952095808383,57.1764705882353,57.1764705882353,0.7925021795989537,-0.22330557531629244,3,0.0700525199410659,0.7352941176470589,1.0,0.08219887955182073,0.2576388888888889,0.8066258442583338,1.0,0.20119337912882806,0.45936253166515867,0.7520080638297363,0.06655374642740775,21.551550642288646,0.4670781893004115,5.423868312757202,58.01543209876543,63.43930041152263,-0.011419753086419782,0.6497467732674626,0.0,0.0,1.0,0.0,789,Poland,2,balanced
14,449,449,1.0,0.6483516483516484,0.7796610169491526,32.07142857142857,32.07142857142857,0.8376068376068376,-0.2596314907872707,3,0.09028973070570084,0.7912087912087913,1.0,0.07246642246642246,0.3502136752136752,0.8429514788371489,1.0,0.23598912890573426,0.45653561445833724,0.7477867635143506,0.06287637401148283,21.74150790801141,0.48329621380846327,6.587973273942094,62.338530066815146,68.92650334075724,-0.0310133630289533,0.6718721097603617,0.0,0.0,1.0,0.0,774,Egypt,1,direct-counter-high-connectivity
15,1451,1451,1.0,0.7095238095238096,0.8590604026845637,96.73333333333333,96.73333333333333,0.8715995647442872,0.016758119531373187,3,0.10622228259604705,0.8095238095238096,0.9285714285714285,0.0858974358974359,0.28663003663003667,0.8530392156862746,0.9333333333333333,0.21734155907654437,0.41478250957498347,0.6332044157576048,0.08521227438066736,19.947865996873293,0.456237077877326,5.164024810475534,60.08201240523777,65.2460372157133,-0.006168159889731228,0.6300868144910484,0.0,0.0,1.0,0.0,778,Japan,3,high-connectivity
20,1857,1857,1.0,0.631578947368421,0.8916666666666667,92.85,92.85,0.8244651673066374,-0.2556380571868751,3,0.11986214672161309,0.7,0.9473684210526315,0.07760721247563354,0.3138401559454191,0.7881570890561749,0.95,0.18357448089588058,0.3955433092986222,0.6602485559872531,0.046139091910247565,21.73809021959245,0.5099623047926763,6.98546042003231,55.97415185783522,62.95961227786753,0.053863758750673084,0.6310861674174396,0.0,0.0,1.0,0.0,769,Colombia,0,direct-counter
19,1195,1195,1.0,0.6081871345029239,0.8557692307692307,62.89473684210526,62.89473684210526,0.7912524850894632,-0.2712813664720062,3,0.06597993732602718,0.695906432748538,1.0,0.05705767687191836,0.19379084967320265,0.7860809310753867,1.0,0.18769168924582513,0.39598471533084095,0.7894493821661078,0.03782647182039178,20.992441440753307,0.48284518828451883,7.0117154811715485,58.76066945606694,65.7723849372385,0.005146443514644439,0.6211084644652743,0.0,0.0,1.0,0.0,788,Morocco,0,direct-counter
16,963,963,1.0,0.7125,0.8421052631578947,60.1875,60.1875,0.8515962036238136,-0.19105713963710672,2,0.0904251705631739,0.825,1.0,0.08617063492063493,0.3161904761904762,0.861935608573573,1.0,0.21464192057895753,0.4303558574412271,0.724758327910756,0.05763599500077321,20.46837711862924,0.45586708203530635,5.628245067497404,60.01765316718588,65.64589823468329,-0.01279854620976124,0.6484446582426358,0.0,0.0,1.0,0.0,780,Portugal,2,balanced
16,1521,1521,1.0,0.6833333333333333,0.8902439024390244,95.0625,95.0625,0.8187250996015937,-0.2419252115367132,2,0.1574010316234562,0.7583333333333333,1.0,0.10109126984126984,0.3746031746031746,0.8228241580723199,1.0,0.1963330955477917,0.4749497821669056,0.559536593134863,0.020296903178420367,17.951116639157103,0.4148586456278764,2.8967784352399737,68.84549638395792,71.7422748191979,-0.0625410913872452,0.7060718011336246,0.0,0.0,1.0,0.0,772,Spain,2,balanced
16,673,673,1.0,0.6875,0.8121212121212121,42.0625,42.0625,0.8452173913043478,-0.31084089035448936,3,0.08950961408962549,0.8166666666666667,1.0,0.07295634920634922,0.473968253968254,0.8603279379933793,1.0,0.2230400629519821,0.46796199333824195,0.734846771453805,0.01994015255738324,26.57274810042639,0.586924219910847,13.343239227340268,52.16641901931649,65.50965824665676,0.028008915304606318,0.5685029526384914,0.0,0.0,1.0,0.0,797,Iran,1,direct-counter-high-connectivity
19,1295,1295,1.0,0.6432748538011696,0.8272727272727273,68.15789473684211,68.15789473684211,0.8015002885170225,-0.3274697398401073,2,0.09753909452751153,0.7543859649122806,1.0,0.067062263501892,0.2594771241830065,0.8216143505617189,1.0,0.19737259316097344,0.38534997235717633,0.707441473503874,0.04341982853928572,21.373758307306897,0.5019305019305019,6.376833976833977,60.732818532818534,67.1096525096525,0.04685328185328182,0.6642106300068953,0.0,0.0,1.0,0.0,783,Uruguay,2,balanced
