team_id,competition_id,season_id,poss_n_frames,poss_lane_blocked_n,poss_lane_min_opp_dist,poss_n_players_visible,poss_pass_length,poss_press_mean_opp_dist,poss_press_min_opp_dist,poss_support_mean_dist,poss_support_n_close10,def_n_frames,def_compact_area,def_depth,def_mean_dist_to_ball,def_n_players,def_n_players_visible,def_nearest_to_ball,def_width,team_name
129,7,108,1502.0,0.4206730769230769,4.039021751434147,17.097203728362185,20.009963072959653,22.014521230219955,6.183430302764487,24.105304360564546,0.8035952063914781,1707.0,746.1604269527253,29.25068473036051,21.0611982581323,8.721148213239601,16.973637961335676,5.3554703147109635,40.07188387907626,AS Monaco
146,7,108,1584.0,0.38010204081632654,4.166875683289473,16.799873737373737,20.074257549330724,22.466257317409468,6.566597557336238,24.602343611072097,0.9330808080808081,2008.0,699.3798560708077,27.267859144271046,21.974075501497595,9.147410358565738,17.786354581673308,6.8251651570043705,40.814581042770406,Bordeaux
152,7,108,1294.0,0.4,3.851408990571501,15.619010819165378,19.571686462373375,20.222688340797276,5.9220066277901555,22.247721672894297,1.0285935085007727,2007.0,551.3750167505683,24.332508524496635,20.290710639858982,8.24265072247135,16.254608868958645,6.251719260087431,37.9982085336133,Clermont Foot
168,7,108,2474.0,0.50625,3.1889863062301003,16.530315278900567,17.7474370677177,20.61517020305563,5.4267615917304255,22.650495859969208,1.0129345189975747,4059.0,631.0760213327625,26.206468584876465,21.412450307732087,8.738359201773836,17.01847745750185,6.300674848961707,40.6291152257448,Lens
143,7,108,2743.0,0.43561643835616437,3.8634799846163346,16.240977032446228,18.922217553034617,21.17930409591088,6.0121110613964035,23.269827599170966,0.950419248997448,3773.0,659.7780752587827,27.34386402441052,21.70309496472543,8.623111582295255,16.619666048237477,6.306850935136712,36.860583912255294,Lille
165,7,108,2288.0,0.45471349353049906,3.736543859660662,16.831293706293707,19.66942860722532,20.586723277460578,5.62070683468174,22.398207613442345,1.1822552447552448,4537.0,619.8067062586296,27.539726537010154,22.29561240194314,9.38858276394093,17.800749393872604,7.024431276611411,36.65118998293175,Lorient
137,7,108,1557.0,0.48693586698337293,3.399201535216899,16.48747591522158,20.11754685011713,21.74065661361803,5.676028438737145,23.772154625574707,0.9942196531791907,1789.0,688.8801425188757,28.0439949753167,21.231896822801865,8.756288429290107,16.89323644494131,5.796139605664029,39.138894092558246,Lyon
141,7,108,923.0,0.484304932735426,3.2864791556534287,16.365113759479957,21.373139663717367,20.65639671151703,5.039476011726985,21.900999410057963,1.249187432286024,2149.0,587.1545593705246,25.508124335340224,21.461200588848047,8.667752442996743,16.898092135877153,6.4244193445322235,38.061675925723776,Metz
139,7,108,1045.0,0.5325670498084292,3.3179897245383048,16.517703349282296,18.542525513617864,21.047450364871835,5.454407140960823,22.703241783185376,0.9971291866028709,2134.0,620.3077093771301,26.16349446963241,21.763937396812583,8.834582942830366,17.074507966260544,6.352268425885325,38.55877464088641,Montpellier
144,7,108,2503.0,0.5102040816326531,3.6194036345753933,16.876947662804636,20.87701095662606,20.81534134163232,5.631247864567788,22.869778719812516,1.1797842588893328,4469.0,698.5486752851302,28.42861230258223,21.110954304793694,9.12307003803983,17.622063101364958,5.667619842553974,39.09987176377759,Nantes
136,7,108,2629.0,0.43263473053892215,3.9701370062901415,17.755800684670977,19.177443948593982,22.686041819979398,5.873901156917761,24.57171061781725,1.0186382655001902,4238.0,691.7754072175643,27.99374351601345,22.512272907503117,9.559697970740915,18.452571967909392,6.5186167383629385,38.00662263400385,OGC Nice
147,7,108,3507.0,0.4067796610169492,3.8442198410335253,17.489592244083262,18.84237110173274,22.683040032530688,6.408459837118888,25.52557210726826,0.8149415454804676,3268.0,703.5499796328811,25.884152252704236,22.04684595845611,9.149938800489597,17.878824969400245,6.053118756151967,42.47101324310518,Olympique de Marseille
131,7,108,52260.0,0.4396969898332115,3.70696481475847,17.31942212016839,17.488651373013944,21.44149267325017,6.18413081618983,24.382449404363523,0.8241293532338309,34092.0,719.8703688089566,28.236365059619235,21.25066838141782,8.366684266103485,16.73888302240995,5.699165987298308,40.002239976149774,Paris Saint-Germain
134,7,108,2312.0,0.5568760611205433,3.3834825070551298,16.56704152249135,20.715427954655215,20.907752979472782,5.809390762144594,22.54761464797091,1.144031141868512,3819.0,563.759562992962,25.159778266658385,21.258298729467356,9.147682639434407,17.474993453783714,6.452738365026646,35.69560116818695,Rennes
135,7,108,2377.0,0.5330882352941176,3.2091540548231245,17.18216238956668,19.51778706778652,21.06935604288974,5.2162910562991,22.498933964263575,1.1842658813630627,4049.0,620.8791253827718,26.794447164149584,20.82783196641384,8.998765127191898,17.74561620153124,6.0022014181000065,37.988183232208414,Saint-Étienne
156,7,108,2645.0,0.6666666666666666,2.5965746469522824,15.953875236294897,19.716835556312535,19.45681358875156,4.510852311856732,21.348469478873177,1.1527410207939508,4517.0,618.202076103852,26.514280878713677,20.425716315747675,8.485720611025016,16.456940447199468,5.644490477511915,38.20514476899979,Stade de Reims
138,7,108,1478.0,0.4898989898989899,3.6261510019673326,16.336941813261163,20.421721840512404,21.548488100967973,6.0988157766837165,23.516828053429826,0.8971583220568335,1823.0,657.1126220022552,28.375131058187698,20.329898204624513,8.42622051563357,16.568842567196928,5.345158529351349,39.31058551451939,Strasbourg
133,7,108,1231.0,0.5269461077844312,3.1483112596597516,16.58813972380179,19.47411655737821,20.733624511092636,5.028558650421447,22.994768811484594,1.0341186027619822,1914.0,629.3794091173153,25.73478895539157,22.251070999957907,9.215256008359457,17.643155694879834,6.2148487174144895,41.31246503748821,Troyes
158,7,235,2362.0,0.5313653136531366,3.4538188782967802,17.167654530059274,19.452420399176702,21.05258844764214,5.309775097792864,22.182202286422648,1.2417442845046571,4297.0,625.02478719848,28.511270133021508,20.89204762188209,9.065394461252037,17.782173609494997,6.182030700078349,35.330804331615354,AC Ajaccio
129,7,235,1238.0,0.6327160493827161,3.016573240525282,16.79967689822294,19.335034709178313,20.961817816274944,4.900254551475414,23.11527467686151,1.059773828756058,2246.0,712.115990160116,26.349800465319525,22.21798842322818,9.021371326803205,17.478628673196795,6.191123040053804,42.20711800284762,AS Monaco
145,7,235,3054.0,0.42782152230971127,4.010138873046096,17.87459070072037,18.22098799456521,22.344659610250694,6.1006294831369345,24.46227328531096,0.9099541584806811,4805.0,725.5187574023587,28.76328202667914,22.207394556837695,9.503225806451614,18.585639958376692,6.452090735237201,40.32945882931588,Angers
167,7,235,2883.0,0.4922879177377892,3.408995365245384,16.2670828997572,19.977096944534633,20.820507579318722,5.84312049578611,22.918578531234186,1.0561914672216441,4207.0,593.6566430707019,25.217621283709487,20.893783151754352,8.940337532683623,17.282624197765628,6.263796072123329,38.85010743601942,Auxerre
152,7,235,2885.0,0.43541944074567246,4.099530527294483,17.197573656845755,18.630148802094805,21.977087461895014,6.358265306868166,23.53695510400148,1.0533795493934142,3775.0,659.7689967606128,28.618597441206397,20.853620856365254,8.744900662251656,17.255364238410596,6.099224546779824,37.683021836978604,Clermont Foot
168,7,235,1414.0,0.4230769230769231,3.5154344412658713,17.216407355021218,18.390145917621048,21.865227024655702,5.861050857466809,24.303038914434314,0.9851485148514851,2233.0,686.4826174656635,27.959299753370036,22.094438451647843,8.670398566950292,17.57680250783699,6.582298421470913,41.98879975107262,Lens
143,7,235,3336.0,0.3978494623655914,3.8218410579938293,16.854916067146284,17.59516481146058,20.956020895835625,6.102162491003168,23.10868057259635,0.9301558752997602,3295.0,645.440346133725,27.050403550731723,20.127913707166975,8.625986642380084,16.76691957511381,5.527442194567206,36.48574743043055,Lille
165,7,235,1677.0,0.3955056179775281,3.7386621048599564,16.780560524746573,17.765282419256728,20.71970842060008,5.9523212171576425,23.547951489301557,1.0268336314847943,1837.0,669.0278586160329,27.08998671131006,20.498220766731883,9.377245508982035,17.739248775176918,5.6686787229937385,41.34641161681361,Lorient
137,7,235,3127.0,0.4551451187335092,3.7385929639825344,17.859609849696195,18.77890688031668,21.488011111760052,5.636774359549282,23.22287584282072,1.1384713783178766,4598.0,713.7219356098298,27.971810236039783,21.516181538718307,9.410178338408004,18.24793388429752,5.8675802488874,39.82351295877801,Lyon
139,7,235,2576.0,0.4344391785150079,3.799800278003917,17.427018633540374,17.76015699750548,21.33688319327583,5.558089371467971,23.302265977240207,1.1960403726708075,3974.0,652.0242491663124,28.618439494328655,21.338690470208807,9.429650138434432,18.037242073477604,6.2310631184957606,37.729092532386574,Montpellier
144,7,235,2792.0,0.350210970464135,4.052478413457496,17.293696275071632,18.819966603873507,21.89886239015282,5.760378196881224,23.687504295259913,1.0333094555873925,4466.0,709.004358136563,30.185016525737705,20.842818968452203,9.096954769368562,17.665920286609943,6.063804892461676,38.38168021564512,Nantes
136,7,235,3608.0,0.46865037194473963,3.8581747706141054,17.93070953436807,17.764088014687054,22.639745508083724,6.12956849573285,24.543861489165348,0.9054878048780488,4324.0,741.1041613491149,29.051222735738776,22.476326544722234,9.309666975023127,18.219241443108235,6.27034121172427,41.545130281267475,OGC Nice
147,7,235,3332.0,0.501101321585903,3.40800584567982,17.039315726290518,19.080328785031906,21.469698994482986,5.896040942862703,23.642459695226066,0.9810924369747899,3091.0,709.9075335292649,28.70046023209422,20.04559060703386,8.459074733096086,16.737948883856358,4.91786734674028,40.42785365531272,Olympique de Marseille
131,7,235,63053.0,0.44923059952567423,3.6117148361430202,17.68567712876469,16.984075337234792,21.27370386688398,6.055870666326405,23.93094132432751,0.889727689404152,45169.0,750.4262120071968,29.233205692442766,21.594066480121356,8.599539496989019,17.15495140472448,5.864387026521571,40.800828933799345,Paris Saint-Germain
134,7,235,2549.0,0.46485623003194887,4.017946890936646,17.27814829344841,21.31281882055597,22.54065296864923,6.2884113918890145,24.480320148708277,0.9560612004707728,3811.0,654.582101451378,26.51755645086195,21.939922061152515,9.397479653452349,18.207819469955393,6.407846708512338,39.57436423666194,Rennes
153,7,235,1354.0,0.5575757575757576,3.2771019558123085,17.807237813884786,20.04054412409573,22.078034764554097,5.34254955941475,23.67420646799843,1.1447562776957163,1892.0,663.1527603838706,28.623101208936042,21.090801779002447,9.609408033826638,18.633192389006343,5.825666463697818,37.68246961034402,Stade Brestois
156,7,235,1698.0,0.47577092511013214,3.811216732565017,16.028857479387515,18.42991487901145,20.579060574326203,5.9204576323417335,23.108975946453686,0.9299175500588928,2214.0,632.3324354551272,25.70769971153028,20.880211602894587,8.70144534778681,16.62646793134598,5.439875944352456,38.71328462063981,Stade de Reims
138,7,235,1334.0,0.32087227414330216,4.548766736638326,16.700149925037483,18.731681228256086,22.87890995776704,6.150468980407417,24.396419195156984,0.8395802098950524,2148.0,681.1561799959877,28.8301138504895,22.157524383595423,8.556797020484172,17.09264432029795,6.495083416680228,41.23023116135909,Strasbourg
130,7,235,2642.0,0.4272863568215892,3.767871485252612,16.519303557910675,19.255444457036557,21.338200488237636,5.827299036163062,24.059376544758436,1.0090840272520818,3677.0,671.7500502580319,27.386156962803653,21.14322830024357,8.895567038346478,17.229262986129996,5.9695543215403735,39.36275794747993,Toulouse
133,7,235,1308.0,0.5357142857142857,3.5837110923470843,16.76223241590214,19.53267006931881,20.453215082598145,5.450291356913319,23.003324098054716,1.2737003058103975,2163.0,577.4975636716832,24.994454006546395,20.344938224487784,9.40499306518724,17.89875173370319,6.076858197020472,37.979346154754396,Troyes
172,9,281,2409.0,0.5501792114695341,2.938020189710763,16.48318804483188,20.619278889623452,19.469423418177534,5.03438353108376,21.186284802275825,1.2880863428808633,4561.0,540.8587691326329,27.64004601515864,19.379244023897495,8.8432361324271,17.158079368559527,5.733538275130631,32.33925280802397,Augsburg
904,9,281,64373.0,0.47138297872340423,3.2573915961314954,16.667407142746182,17.255794254401444,19.705913655105515,5.818340308409443,22.019138239699124,0.9644260792568313,44021.0,612.1087033395459,26.208909015167453,20.247599928348333,7.988437074057247,16.17155448535926,5.699057850839665,38.062292916758956,Bayer Leverkusen
169,9,281,4024.0,0.4599483204134367,3.9001188097633936,15.986580516898607,19.20187806497946,20.452989292871447,6.303726630011347,23.186463228827684,0.8449304174950298,3418.0,560.0693664070516,25.209102671920395,18.940181452124943,7.666471449487555,15.526623756582797,5.433689577114997,36.9947104796321,Bayern Munich
868,9,281,2196.0,0.6994328922495274,2.992078969559889,16.032331511839708,23.29210946665461,19.24124748531886,5.2982724434389485,20.669170440026356,1.256375227686703,4121.0,490.3649239696356,24.516971048954023,18.895614131097208,7.983741810240233,16.308177626789615,5.8408244006992245,33.73665630133549,Bochum
185,9,281,2962.0,0.5532503457814661,3.3190202966838878,16.61276164753545,20.06030012030148,19.596056115339906,5.369758506534387,21.502901560174763,1.2646860229574612,5183.0,572.1066368522627,26.093428065382852,19.50812376316121,8.896545068519591,17.38105344395138,5.830864655739616,36.03920719741021,Borussia Mönchengladbach
872,9,281,2476.0,0.560067681895093,3.1671710156269626,15.652665589660742,21.93807282478118,19.251310161871693,5.072278878312745,21.294791358793088,1.198707592891761,4670.0,527.9897108703664,25.09802853032797,19.03636182276123,8.224769659310049,16.279443254817988,6.002504909663667,35.22256628722096,Darmstadt 98
184,9,281,3200.0,0.46985210466439137,3.564767027266435,16.7690625,20.128784801866573,20.9991609768592,5.9751739952030585,23.14477587994843,0.894375,3607.0,598.9219528912803,26.126025902252216,19.487909536621867,8.17382866648184,16.469365123371222,5.477305113651482,36.63353123442303,Eintracht Frankfurt
201,9,281,2570.0,0.5697674418604651,3.564652005934723,15.2715953307393,20.954862351800664,19.24448950957008,5.287140978695697,21.102500394338662,1.17431906614786,4250.0,552.5775523632586,26.823494969462704,18.980024103134753,7.876941176470588,15.703764705882353,5.522620978997486,34.914252463240864,FC Heidenheim
186,9,281,2339.0,0.5204081632653061,3.4233185478911254,15.74519025224455,21.861575530307306,20.38809444615685,5.429286527214965,22.54834624440825,0.9799059427105601,4659.0,558.3223367578432,26.67088009047424,20.214741955222753,8.194891607641125,16.39965657866495,6.252470851888318,34.083823263738,FC Köln
177,9,281,2947.0,0.6033376123234917,3.2958579427064127,16.20495419070241,19.703151841552277,20.17313500459429,5.546675618497059,21.80285510303829,1.179504580929759,4033.0,536.6482065060089,25.093512827869535,19.53526541382713,8.376642697743614,16.730969501611703,5.800617361520359,35.6874327354607,FSV Mainz 05
183,9,281,2213.0,0.5409252669039146,3.323763079962594,16.256665160415725,21.421035108109137,19.92279863511237,5.758938424611487,22.287455702580292,1.2078626299141437,4501.0,581.2385097852405,25.554255927850484,20.551357812005435,8.843368140413242,17.300155520995336,6.269440256539709,37.470293805664504,Freiburg
175,9,281,2836.0,0.5277777777777778,3.595063734957324,17.03984485190409,21.122067367692427,21.546356696524892,5.831709449314968,23.59937138665244,0.9643864598025388,4025.0,620.6865559191277,28.783941493582475,20.809072806810885,9.265341614906832,17.93341614906832,5.922459772146556,36.5102470319654,Hoffenheim
182,9,281,3188.0,0.522083805209513,4.0557756897017505,16.432873274780427,20.5141171594836,20.90975022306638,6.3495815874201655,23.640600681713234,0.8058343789209536,3426.0,573.631959603736,25.52404881031096,19.476756982238776,8.539696438995914,16.843549328663165,5.441751329030583,36.65817158478459,RB Leipzig
190,9,281,2513.0,0.5709728867623605,3.749746558679551,15.32033426183844,21.37133376401924,19.563990336115204,5.867801440398821,21.463206346271,1.179466772781536,4443.0,508.63540378038005,24.725806714797283,20.088501749343806,8.179608372721134,16.250731487733514,6.6273414216406445,34.914479660679206,Union Berlin
174,9,281,3444.0,0.4994462901439646,3.2327671865215915,16.72473867595819,18.85210469626377,20.628992400689132,5.662109446754639,22.704982224011715,0.9790940766550522,3194.0,683.2159648663611,27.918255736901582,20.294781145011143,8.69339179455058,17.22855353788353,5.035701762727933,38.78032129576663,VfB Stuttgart
176,9,281,3203.0,0.4885057471264368,3.5285610405935386,16.122385263815172,20.366253870916857,20.55583970190229,5.647343340595289,23.314240322435055,0.915391820168592,4277.0,639.5941281882504,27.582933616820803,20.175993336235596,8.460603226560673,16.731821370119242,5.742738126751928,38.15408223662386,Werder Bremen
179,9,281,1501.0,0.4719387755102041,3.8653388500648873,15.161892071952032,22.16209007878063,21.62034545678763,6.44349907297949,24.50300680113489,0.7741505662891406,2005.0,606.663771703928,26.652852858058168,20.07079147086851,7.956109725685786,15.815461346633416,5.463099249050875,37.70741773311945,Wolfsburg
215,11,90,3148.0,0.5034562211981567,3.4145282205422705,17.523189326556544,19.996190709982287,22.95041623961704,6.001073741560478,25.41759751477224,0.7970139771283354,4040.0,690.5369915947829,29.14237253653977,22.120697607194245,8.971513500123855,17.486386138613863,6.0629075092842095,37.29187064835986,Athletic Club
212,11,90,3303.0,0.5096153846153846,3.402866285304495,17.15864365728126,19.86573821721133,21.891331813814073,5.694917291973066,23.637522027047677,0.981531940660006,4041.0,629.4269072481022,26.786779699355662,22.124213207814527,9.080673100717645,17.658252907696117,6.555681943532527,38.86626634388741,Atlético Madrid
217,11,90,80475.0,0.42023731048121293,3.9329133044927382,17.15422180801491,17.465441753528992,21.437286428147722,6.425579367827164,24.173002083887024,0.7779683131407269,48365.0,706.6954953186129,27.51695514550473,21.530379742013697,8.254172095043117,16.571218856611186,5.571683130466312,41.25875637971342,Barcelona
209,11,90,3005.0,0.4936868686868687,3.5202172169286428,16.24991680532446,19.01974957891318,20.965185321310912,5.513440127800245,23.04149542308574,0.9787021630615641,4264.0,604.033137848776,26.70201579181224,20.717119427578194,8.721492257156264,16.578330206378986,5.9216739380876975,37.12682519402921,Celta Vigo
552,11,90,1645.0,0.7664835164835165,2.0204876938363032,17.056534954407294,25.54346858984284,19.53819459184956,4.188600611302615,21.17017924348044,1.6048632218844985,5455.0,595.5436599978151,27.1315591224892,21.546646897715615,9.580994312970097,18.149770852428965,6.812715474590911,37.47769839952848,Cádiz
206,11,90,2181.0,0.6477732793522267,2.8869520333197416,16.30949105914718,23.185111159202744,20.283662620763874,4.798411858406069,21.75659462042334,1.3498395231545164,5280.0,552.672866775768,24.97824319101583,20.633221681362972,8.881628787878787,17.092992424242425,6.557146939318247,36.80328256194879,Deportivo Alavés
1042,11,90,1475.0,0.5115089514066496,4.244216557120317,17.055593220338984,20.256658974595076,22.874848619717326,6.138874641918323,25.513702713242196,0.9098305084745762,2439.0,676.0183769739343,26.106917877110018,22.479050400815,9.199671996719967,17.928249282492825,6.606554943686822,41.9074449025954,Elche
216,11,90,1963.0,0.7858823529411765,2.8560236192171904,16.313805399898115,24.260052970174694,20.888882823666687,4.75318551711559,22.69643142115918,1.1752419765664799,4924.0,610.490856689207,24.55013786366394,22.51930494316012,8.877185847905652,17.313160032493908,6.814367532343006,40.31170142575425,Getafe
1049,11,90,2089.0,0.5661157024793388,3.442259419891877,16.47486835806606,23.09384010675014,21.35458548180493,5.373217985622914,22.95719517894926,1.0794638583054093,5184.0,623.7829172770552,26.79077250640146,21.75618061463549,8.846064814814815,17.079475308641975,6.721842887847858,38.053646708130316,Granada
902,11,90,2807.0,0.559593023255814,3.2003920309156,16.017100106875667,20.00970629572225,20.918359902951554,5.2484421601037425,23.252108073022065,1.125044531528322,5279.0,588.8136619936117,25.802413732540284,21.137183395643603,9.088274294373935,17.222580034097366,6.698081491678874,37.9352398745222,Huesca
221,11,90,2819.0,0.5365853658536586,3.4362451846360584,16.83185526782547,21.20809674712891,21.811991346235043,5.977350507554789,23.98638332470145,0.9223128769067045,4177.0,605.9741966550927,26.250466275322214,21.416571293575753,9.076610007182188,17.267895618865214,6.444871684168629,37.38097319458864,Levante UD
422,11,90,2718.0,0.6,3.376723475553359,16.316041206769683,22.933040750511257,21.696633105973785,5.672344446827152,23.997998654816094,0.9323031640912436,5118.0,623.9692536265148,27.315959943692246,21.319489792238045,8.870066432200078,16.957796014067995,6.329149661488736,38.15344999321225,Osasuna
218,11,90,2935.0,0.5076530612244898,3.591782233520337,16.491311754684837,20.992936157799765,22.200446446944813,5.7954416595842755,24.925852999319766,0.8582623509369677,4354.0,638.1146851176446,25.74297050055742,21.549780013535617,8.630369859866759,16.933164905833717,6.415864628832273,39.28101569870329,Real Betis
220,11,90,3159.0,0.5234093637454982,3.311137892841538,16.34377967711301,18.657253805428173,20.62524961342274,5.432212307199829,22.93339391975644,1.1063627730294396,4082.0,614.3769745139324,26.764917552616673,20.656177490180504,8.784909358157766,16.91891229789319,6.133559396560487,37.863657658088414,Real Madrid
210,11,90,2969.0,0.604221635883905,3.034127598354905,16.316941731222634,20.22618244787864,20.85667628952712,5.074691764279304,23.531752537240752,0.9969686763219939,4219.0,642.6022943865406,26.03588463074315,21.068374359253532,8.575017776724343,16.63901398435648,6.065045047252446,39.27925783968224,Real Sociedad
901,11,90,2798.0,0.5429740791268759,3.1306117532229627,16.032880629020728,20.68137428679244,21.156652973065484,5.267899662733164,23.333118430640805,1.0643316654753396,4646.0,630.669858675906,27.60959805133186,21.120780128563588,8.759578131726217,16.688764528626777,6.372112058059316,37.54583410701402,Real Valladolid
213,11,90,3648.0,0.39980353634577603,4.169251276858267,16.471217105263158,20.734105967074818,23.010493591283893,6.5519976045062815,25.636938291430816,0.8018092105263158,4036.0,681.3046107325256,27.66844860508543,21.688323823583016,8.650396432111002,16.784935579781962,6.035818436200345,39.61381220382328,Sevilla
207,11,90,2381.0,0.521669341894061,3.4606667818174666,16.57454850902982,21.87420342756853,21.538414467675913,5.803735630767913,23.74910879575784,1.0520789584208317,4619.0,608.6313363443496,27.669232396766006,21.066803493292685,9.075990474128599,17.09157826369344,6.507306918023129,36.544613803880424,Valencia
222,11,90,3322.0,0.4730848861283644,3.3441741718458284,16.83564118001204,18.821121347345347,21.731087337201348,5.882355497787705,24.27903782971759,0.8410596026490066,4318.0,667.8757003405241,27.888796570724256,21.522040748433596,8.837424733672997,17.12992125984252,6.324967651065455,38.0886582249004,Villarreal
779,43,106,13358.0,0.44039382650345926,4.102117550231914,17.063407695762837,19.152085791936447,22.440473103783727,6.711083005281547,24.92892961386616,0.7653840395268753,10028.0,733.6888054961531,28.357619154701997,23.269794985527554,8.190404947137443,16.619864379736736,6.701806843884866,41.345796615948224,Argentina
792,43,106,5101.0,0.5206971677559913,4.159004640932077,14.815526367378945,21.671052876208805,21.204128309273752,6.284077430355965,23.345471569549453,0.8676730052930798,7938.0,570.5814777838294,23.95134591863374,21.676489329352826,7.917456705852611,15.500125976316452,6.9633493316578585,38.10539039797811,Australia
782,43,106,5362.0,0.39599483204134367,4.777333776892972,16.854345393509885,20.952182231816874,24.145763882918335,7.73870488177104,26.52529424514168,0.5729205520328235,4428.0,733.8653908943229,29.51581547789226,22.353188180382304,8.217253839205059,16.24096657633243,6.209317082064127,40.31616671367271,Belgium
781,43,106,9316.0,0.42281368821292775,4.132542233700757,15.765779304422498,18.710625881361675,21.61386511622242,6.679849309853363,24.337899403887825,0.7053456419063976,7777.0,630.0675359317225,25.948789799638487,21.72297725796688,7.59564601313925,15.37032274656037,6.48917989217213,38.698408161166846,Brazil
2722,43,106,3858.0,0.5259615384615385,3.626798693440616,14.456194919647485,23.13162407967841,20.602511530039074,6.144263790913899,23.563299726083073,0.7905650596163816,5012.0,606.3489742238429,25.760692657589136,20.66579920899104,7.499800319488818,14.967877094972067,6.238804962523058,38.02439770012928,Cameroon
1833,43,106,4721.0,0.4191290824261275,4.187020027767645,14.640118618936667,21.037719226832188,21.3771988807182,6.844876376064282,24.412372235897767,0.6803643295911883,4377.0,624.0794553315701,25.459793206572556,21.639685028212494,7.345159075303273,14.848297920950422,6.317325434529698,39.669804759535396,Canada
795,43,106,3491.0,0.5471491228070176,3.586304324346213,15.383844170724721,21.90294139556038,20.264781981026577,5.615976466833722,23.060618131267564,0.9507304497278717,7151.0,606.8465412199453,25.267528776723633,21.894908128015977,8.16489063376332,15.901692071039015,7.481054520286786,39.24756864102082,Costa Rica
785,43,106,13233.0,0.4589257503949447,3.9919162769717236,14.517418574775183,19.39739320843374,20.98136377956829,6.592735627938769,23.927392635380784,0.7998186352301065,11775.0,533.2365177152578,23.686837955540295,20.53389351367322,7.240163515585079,14.55099787685775,6.386788143408992,37.23720269626489,Croatia
776,43,106,5517.0,0.434021263289556,4.257871367386879,14.052021025919885,20.301727315604435,21.064914963613127,7.256264398821555,23.9546817406998,0.6528910639840493,4005.0,516.4292246187282,22.81620319292946,20.360588733272976,7.158066132264529,14.291885143570537,6.221162930453367,37.214743396447425,Denmark
3565,43,106,4442.0,0.48580697485806973,4.271017062048048,13.412877082395317,20.809790463434243,20.113635295960382,6.57578754779556,23.38784868431951,0.7816298964430437,4104.0,479.92853929412104,22.104232120797903,19.69488738957409,6.501463414634146,13.308479532163743,6.222414455444289,36.33434662649908,Ecuador
768,43,106,9319.0,0.3956706884315117,4.126632499131524,14.155488786350467,20.224813199581956,20.90014746177552,6.947479400536918,24.356729372916664,0.6398755231247988,5920.0,550.6015810602813,23.491082890461726,20.51964409009894,7.108300797827194,14.403716216216216,6.010781520847931,37.822406375176946,England
771,43,106,11470.0,0.38257339163023113,4.260729812646349,15.412990409764603,19.867710520090135,21.77067826401924,6.88738629133822,24.577427794805534,0.7327811682650393,10896.0,580.0302088666508,24.631011680144162,21.56775640386557,7.491862068965517,14.972375183553599,6.910217103785075,38.52351851748245,France
770,43,106,5750.0,0.4415204678362573,4.006944182946359,14.449913043478261,19.700197260125968,20.09398085472997,6.754161787138854,23.082802032027548,0.7238260869565217,4212.0,537.9996464192283,23.250977418462508,19.665944784221974,7.240789160922272,14.711775878442545,5.567053524724706,37.78791458413531,Germany
4885,43,106,4063.0,0.46839080459770116,3.4108318566567553,14.696037410780212,20.278286760619352,19.34167105123371,5.5054639976172295,21.83352865684196,0.9187792271720404,5145.0,481.34181857600146,23.76747708114056,20.248286185610656,7.116832455627073,14.161516034985423,6.6403024098789505,33.908597805225284,Ghana
797,43,106,3484.0,0.6497890295358649,3.0936137736972182,14.199770378874856,22.742178067226032,19.936108680040462,5.513005431630175,22.392837108943695,0.894374282433984,5587.0,482.97055265339765,23.8121190378801,20.40927083220966,7.017780172413793,14.125827814569536,6.881297686166,34.63501332504895,Iran
778,43,106,5684.0,0.4701639344262295,3.9052777322021943,15.5981703026038,20.517244342350104,20.80697340616101,6.035297784051305,23.137095657000593,0.8281140042223786,9125.0,530.6821773653272,22.286675748355496,21.413106275179633,7.552269979113993,15.237479452054794,7.09893316296926,39.02514156528291,Japan
794,43,106,4171.0,0.5243147656940761,4.317726417133268,16.597698393670584,22.287596332434642,23.159193942846045,7.048772921734838,25.626110954316964,0.6828098777271637,3773.0,712.8213374059102,27.9513881458549,22.08210069054838,8.209758684699018,16.58733103631063,6.052393752311045,40.55882511430685,Mexico
788,43,106,9126.0,0.46754910333048677,3.96549057576804,14.773504273504274,21.198845759380234,20.99810374762935,6.141053356021787,24.34815495859873,0.8703703703703703,13371.0,569.2459595906982,22.959563095460634,22.581290351049198,7.851893513310836,15.664796948620149,7.65797635571455,40.64294834999746,Morocco
941,43,106,8773.0,0.4198981590285938,4.133811710452499,15.702268323264562,19.482660194374322,21.814604407230263,6.883148827655488,24.6082518227656,0.7371480679357119,7933.0,619.9660444810651,25.43091602137409,21.013985194742077,7.817711618518985,15.637589814698096,6.1036798576389275,39.01866394624765,Netherlands
789,43,106,4672.0,0.47128245476003144,4.054530986953347,14.980950342465754,22.524330516097077,21.10963638397644,6.406271547266826,23.362685576719088,0.8829195205479452,7621.0,541.2014329265326,24.737001035513618,21.828349188361237,8.164606889297923,15.798451646765516,7.256177981741948,36.432674386871,Poland
780,43,106,8841.0,0.4059861857252494,4.23824624398105,16.090035063906797,20.12050268517949,22.357773104241268,7.275402993062474,24.732824799159,0.7059156204049316,6086.0,654.9944973961539,27.016086492065273,21.23436223309812,7.838619556285949,15.776700624383832,5.996737920011219,38.864879887225314,Portugal
3566,43,106,4311.0,0.48583333333333334,3.6610309474194365,14.271862676873114,21.381458253809427,20.783744882021665,6.318657702001858,24.503002373918022,0.7497100440733009,5680.0,528.2348717975959,22.873166393494472,21.624053585454117,7.580997708443505,14.909330985915492,7.328369865571033,38.768198131914865,Qatar
799,43,106,3772.0,0.5685071574642127,3.342807525110383,14.59915164369035,20.6579477245109,19.803484455470656,5.7053853555892,22.0609237857612,0.9949628844114529,4330.0,537.84359335417,23.076796310100416,21.170744715486734,7.884757505773672,15.504849884526559,6.721790635028499,37.829348321784124,Saudi Arabia
787,43,106,5148.0,0.49708029197080295,3.798946212299091,15.233877233877234,21.855255203407445,21.523967161788246,6.261127017793099,23.98051859542897,0.8447940947940948,5965.0,590.9709230887318,25.06151088366216,21.751426782149373,7.427564210172906,14.857334450963956,6.827641491673531,38.06794745844607,Senegal
786,43,106,4433.0,0.491566265060241,3.673683430505816,15.648996165125197,20.88005371257054,21.78357524366126,6.294161446989881,24.172650750170593,0.817956237311076,4171.0,690.713258658589,28.599682479549134,21.733069711908165,8.177175737233277,15.966914409014624,6.024709527397667,40.175327633486425,Serbia
791,43,106,5977.0,0.4480140186915888,4.1011211487215755,13.376944955663376,22.061319500829946,20.31200215413098,6.808089390281943,23.535413490205418,0.7152417600803078,6392.0,465.6682306487468,22.324838432788216,20.58136022240548,6.905867587072482,13.847465581977472,7.09303796667433,34.71140926152979,South Korea
772,43,106,11205.0,0.31130185979971386,4.4086872249478795,15.78937974118697,19.348098941034632,22.072368834873128,7.460234730940322,25.225480558355127,0.5080767514502454,4215.0,580.7871577444525,23.584457369864957,19.673551779520356,7.343623842317739,15.001897983392645,4.90516927111663,40.78623604270754,Spain
773,43,106,5852.0,0.43169398907103823,3.8117730198808326,15.790840738209159,19.971764799930078,21.984882984329126,6.532267913103411,24.881910158691532,0.7214627477785373,6273.0,648.8107296033706,26.913201319518723,21.97595999717009,7.945820680837462,15.684520962856688,6.758101765881075,38.92168261650352,Switzerland
777,43,106,4200.0,0.48078641644325293,3.9402895017840915,13.516428571428571,21.726940953498495,19.48631079131822,6.136284050351817,22.187264592124478,0.8571428571428571,5088.0,420.034859457358,20.576301996779733,19.5125502004481,6.551873767258383,13.27437106918239,6.5553712831236854,35.08732835276752,Tunisia
1839,43,106,6774.0,0.4241781548250265,4.297956158768987,14.332595217006201,20.376196737452048,20.5833476485932,6.947977856091354,23.324266341000246,0.7298494242692648,5865.0,490.67335319697463,22.36515004991693,20.07362621646618,6.921236972492739,13.882523444160272,6.305996987462107,35.73574259517113,United States
783,43,106,4325.0,0.46111111111111114,4.293145100397845,13.757456647398843,21.22237074030032,19.87137749700039,6.385732323482704,22.978382625427216,0.8178034682080925,4786.0,508.7415786829803,24.378198601003888,20.02166141410354,7.1529608704749945,14.21541997492687,6.339039047745704,35.613005961545404,Uruguay
907,43,106,4133.0,0.5313043478260869,3.7466471140350563,15.854343092184854,22.14146177021114,22.069710407578466,6.399309284035821,24.924961414765797,0.7287684490684733,4853.0,703.1687483153335,28.164974963634368,22.669535021023457,8.177416031320833,16.24706367195549,6.812882963366084,40.26341025126861,Wales
1975,44,107,5354.0,0.4563624250499667,3.6928195921053506,13.853567426223384,19.01473746020037,19.33211471669684,6.03166264059951,22.447971754088755,0.7648487112439297,4246.0,499.5976007791336,23.71630530581793,19.616233392910196,7.047158688988446,14.126236457842676,5.508136899550551,36.32313495902953,Inter Miami
919,44,107,1509.0,0.6295336787564767,3.6367779826347824,14.76673293571902,21.47174394600794,20.64696893255028,5.597320749419916,23.385558166678205,0.7826375082836315,1511.0,605.0484430903454,27.088278958957737,19.31209912773174,7.611515552614163,15.102581072137657,4.61564057010702,37.32502658982986,LAFC
1938,44,107,1127.0,0.45964912280701753,3.3073790597952364,13.9396628216504,19.37017573517115,18.564169206229813,5.283643412423245,21.062413974853833,1.1215616681455192,2278.0,410.3051753115731,22.389332299394813,19.50595695212176,7.050220264317181,13.683494293239685,7.261701944160621,31.780570665789455,Nashville SC
387,44,107,1610.0,0.5266821345707656,3.325049540577873,13.656521739130435,19.328523675456918,19.3858884764441,5.581922401444385,21.84120268812197,0.8229813664596274,1565.0,444.91921559627446,22.18190104185065,19.099285119579708,6.5156549520766776,12.89520766773163,5.614678697743557,35.30233315414656,New York Red Bulls
859,53,106,5285.0,0.6350574712643678,3.3666626738890875,13.442762535477767,20.208040961271074,18.30597246555165,5.386734692536687,20.48981394899157,1.0234626300851466,6428.0,441.8014242303085,22.332773658019605,18.93202938134088,6.662665627435698,13.472619788425638,5.7014815229743805,33.69826881447289,Austria Women's
854,53,106,5742.0,0.5521821631878557,3.6783809448413107,13.339428770463254,20.998533630981083,18.933349056234263,5.565637105987251,21.769358457360003,0.9378265412748171,6326.0,456.8998915438108,23.39606345357653,19.466530043997267,6.903547671840355,13.672779007271577,5.983263330799188,33.49000580958726,Belgium Women's
853,53,106,3864.0,0.67984934086629,3.244291034422156,14.253881987577639,20.076821334159767,18.285170395382604,5.242308670892464,20.364643348321838,1.0522774327122153,5473.0,427.6725606675435,21.653073430365403,18.915859846883347,7.325636796774785,14.386807966380413,6.013031999457538,33.39262442975468,Denmark Women's
865,53,106,8862.0,0.522816679779701,3.792313195285364,13.439404197698037,20.527736950290464,19.13351017513413,6.219227350068044,22.01984568518537,0.7865041751297676,6754.0,425.7559064259429,21.636795393850377,18.0484727198829,6.683318465655665,13.542493337281611,5.254812596169771,33.48001708239064,England Women's
861,53,106,8966.0,0.5395799676898223,3.7231651172230875,14.121012714699978,19.979842224188875,19.67104397554511,5.6558173448283355,22.42372381348817,0.7723622574169083,7308.0,527.3155522991306,24.599060301520563,19.678038009036484,6.834564860426929,13.939928845101258,5.862733492736041,35.45345354100683,France Women's
857,53,106,9528.0,0.6086292478045056,3.684926934951916,13.158900083963056,19.757000965157477,17.85588958919353,5.523056237022715,20.299530262894827,1.0110201511335013,8658.0,402.30024623194146,20.509307839944793,17.618986296627988,6.800231347599769,13.54989604989605,5.1418588800887495,33.140216836269886,Germany Women's
862,53,106,3336.0,0.6441647597254004,3.1538894928668526,13.437350119904076,21.912505937811467,19.07545134040253,5.328600113350654,21.4261308987032,0.9970023980815348,4788.0,507.0717867720222,25.074660055345436,19.086455939414883,6.853291536050157,13.52297410192147,5.304097333045996,35.213355371577634,Iceland Women's
855,53,106,4601.0,0.5881410256410257,3.366158454298606,14.074983699195826,19.128024601662545,19.39579850515242,5.56815542457319,21.71504496629452,0.927841773527494,4214.0,488.2993842805158,24.350121502409085,19.387889948564716,6.915676959619953,14.09420977693403,5.471152558850883,34.90813171993078,Italy Women's
851,53,106,6703.0,0.6219512195121951,3.3735177836069044,14.63359689691183,20.58496755909711,19.1207084218908,5.501445575138306,21.708476143490213,0.9319707593614799,6414.0,508.2206877475682,24.81258828297716,19.424882107597014,7.185774450163781,14.473495478640475,5.61689694525743,34.342977869245004,Netherlands Women's
2457,53,106,2998.0,0.4861878453038674,4.086693567308023,12.292861907938626,23.291419260936696,18.13779262658692,5.814616619556612,21.21890660916669,0.9709806537691794,5035.0,392.61748094489474,19.476846484568746,19.047256462767162,6.563618290258449,13.011122144985105,6.798015133074058,34.99033847296026,Northern Ireland W
852,53,106,4569.0,0.5085403726708074,3.857513396437704,13.23528124316043,18.77015216693323,18.430633434155954,6.019190645960223,20.64258231020088,0.9592908732764281,4267.0,396.13912240681316,20.98339766216347,18.632193888416367,6.711204875761838,13.183970002343568,6.201590866570803,32.77033191384651,Norway Women's
864,53,106,4007.0,0.6105054509415263,3.4842609160829294,14.425505365610181,20.542689107864216,18.42153103361516,5.29030916507568,20.507828747563345,1.1245320688794609,4068.0,449.4028692691739,23.886624352789095,18.1033529652113,7.2445919370698135,14.525811209439528,5.267863235609925,32.23734424364506,Portugal Women's
863,53,106,8622.0,0.56734534064213,3.4403414610253007,14.812340524240316,18.30251517880365,19.043973278937653,5.9532181996028735,21.39085481156685,0.8901646949663651,4718.0,442.1878027351509,21.80091409720503,17.576691293587565,6.905428329092452,14.200932598558712,4.435468154223166,34.76310787699062,Spain Women's
858,53,106,5931.0,0.6493349455864571,3.3506073449358045,14.742707806440736,19.332864230012905,19.002316542922262,5.450085407007527,20.833470696220758,0.9898836621143147,5523.0,484.9749665123229,24.66094253801481,18.205981987472306,7.204273813835567,14.690566720984972,4.914247862606305,32.925636317600095,Sweden Women's
860,53,106,4326.0,0.6345984112974404,3.698347236584777,14.61326860841424,18.954629491832538,18.616057714018662,5.336511026941129,20.979131531251042,1.130374479889043,5005.0,514.3466076397794,24.988036218506277,19.159346111395894,7.45718287314926,14.753646353646353,5.482043396015524,34.701027195246176,Switzerland Women's
920,53,106,3510.0,0.575,3.063680727539517,13.448717948717949,19.710620364342017,16.455499013791425,4.6561001972503275,18.57082330097808,1.2925925925925925,5871.0,364.4596776880487,20.401186403999393,18.414405001215066,7.077158916709249,13.606199965934254,6.1726765981171905,30.779950847024786,WNT Finland
854,53,315,3122.0,0.6571428571428571,3.095173774609206,13.604420243433696,20.58619256365725,17.89859292417163,4.842215289496354,21.321090633410222,1.1089045483664317,4745.0,428.1915789528938,23.19101009606599,18.360159971793546,7.201520912547529,14.0231822971549,5.712284204500764,32.7935955415467,Belgium Women's
853,53,315,3537.0,0.6681367144432194,3.232413245043757,14.536330223353124,20.800683530010016,18.254771723236797,5.146391302720648,20.779689030695017,1.0769013288097258,4570.0,496.9508546941275,25.513906111943705,19.603837927928943,7.3339899321514554,14.632603938730853,5.937692787678807,33.718776258752165,Denmark Women's
865,53,315,10814.0,0.5892797319932999,3.6352546909129453,14.851488810800813,20.1905635869232,19.51674755656904,5.902828068932961,21.920582305232728,0.9189938968004439,8630.0,505.9714469633454,24.34189185774517,18.75867459652815,7.398446556920937,14.937543453070683,4.986805078177917,34.597672347533205,England Women's
861,53,315,6784.0,0.5463414634146342,4.062496257285319,14.378242924528301,18.2798479745243,19.383551821734123,5.971245812209923,21.693827973919557,0.9553360849056604,4835.0,486.3613816725733,23.790449800871876,18.348834705768972,7.0432891466445735,14.329058945191314,4.846141987607529,34.96898640908819,France Women's
857,53,315,7650.0,0.5564024390243902,3.8032913338515075,14.84797385620915,21.874336300618772,19.8139472953996,5.868218672767183,22.319900643320636,0.88,7915.0,494.4643423066783,23.430210761092322,19.174450056285483,7.34711161673619,14.792672141503475,5.738400468423977,34.793510439523445,Germany Women's
862,53,315,3260.0,0.7285546415981199,3.219566655312237,13.530061349693252,22.326733112058523,17.996797216235624,5.345805775815459,20.477546433065495,1.041717791411043,4323.0,450.8467714181935,24.950656917336836,18.14668163628204,7.126793151318834,14.153365718251214,5.368929048141645,30.877067567297242,Iceland Women's
855,53,315,6216.0,0.6406345332519829,3.2005577466887947,14.347329472329472,19.49398147201358,18.180208331237694,5.194633036378311,21.011121660834448,1.1052123552123552,8471.0,464.01135780872295,23.317579941915238,19.61364480619686,7.589015151515151,14.937315547160901,5.95453714586232,33.758615212922756,Italy Women's
851,53,315,4060.0,0.5695067264573991,3.644939064650535,14.08128078817734,21.147653858569534,19.331287961325085,6.011086648714915,21.827181962314896,0.8847290640394089,3458.0,500.72377345858087,25.125943646538786,18.426899086747362,7.3407578825571305,14.598322729901676,4.887055225687409,33.956449408746955,Netherlands Women's
852,53,315,5468.0,0.5937931034482758,3.314529597300859,14.243416239941478,19.609057861610278,17.901235896759147,5.408433144511688,19.977272401593225,1.0166422823701535,5746.0,429.44088567270745,22.23122215920573,18.18771233213032,7.129335889837894,14.204316045945005,5.723007257827292,32.54321920640224,Norway Women's
29167,53,315,3499.0,0.5873192436040044,3.5327265297457764,13.665904544155474,23.371439826591185,18.10725080349516,5.330097546141163,20.89824935294636,1.0342955130037153,4750.0,461.79137974347174,23.601027709732403,19.554734847272254,7.178820545339252,14.234315789473683,6.469765875818724,33.98269075841752,Poland Women's
864,53,315,3943.0,0.6412371134020619,3.150271735433296,14.965762110068475,19.698426694455705,18.73915623288895,4.881820752995165,20.39292543919418,1.12807506974385,4376.0,448.5855772843422,24.720798341292788,18.507138691158325,7.677330895795246,15.270109689213895,5.23271112960701,31.93106397897843,Portugal Women's
863,53,315,13570.0,0.5052631578947369,3.52765008574443,15.596020633750921,16.97500048476203,19.15785222847003,5.885234152727081,21.643457368439286,0.9573323507737657,7019.0,496.2774435679289,23.4173397738982,17.964022106605466,7.2456515540347874,15.02849408747685,4.5025529001902225,35.41190813309263,Spain Women's
858,53,315,5504.0,0.7157748436414176,3.054347231720919,14.746729651162791,20.088066685187776,18.59493253081416,5.051645618916635,20.64635964562488,1.079578488372093,5559.0,479.0703365844263,24.467448946419985,18.35091829273522,7.299748110831234,14.632667745997482,5.046484247401561,32.23466815580544,Sweden Women's
860,53,315,5611.0,0.6308579668348955,3.039573562592814,15.757975405453573,18.295439258880545,18.794841674658375,4.801194816652021,21.262734468055683,1.1227945107823918,6302.0,513.4665611664009,24.516178636761616,19.045630025564144,7.72054620514449,15.482227864170104,5.620384357517745,34.98373846795357,Switzerland Women's
920,53,315,5050.0,0.5515961395694136,3.491239479031317,14.50118811881188,18.994673242351993,18.50376569977282,5.648797748301887,20.50104641413117,1.0067326732673267,4099.0,475.5973769811159,24.907349432363922,18.255798377019037,7.44384765625,14.806538180043914,4.840273338622486,32.79772016252048,WNT Finland
2456,53,315,2471.0,0.6459074733096085,3.127354357166128,14.028733306353702,20.865906522768938,17.693885795049848,4.5655841199410405,19.81594152674143,1.2614326183731284,5761.0,425.48003319217503,22.213010297564896,20.153762427521656,7.272569142459558,14.212983856969275,7.028649191707389,32.457655225286864,Wales W
915,55,43,7137.0,0.4649746192893401,3.676960079081895,14.19069637102424,20.277629948297445,19.609139299740832,6.155232073793749,22.29067696332212,0.8144878800616505,6687.0,474.45366207903487,22.55193745389639,19.180558000703027,7.003747564083346,14.016599371915657,5.852920025440891,35.32470874384053,Austria
782,55,43,8654.0,0.3852425601304525,4.545080168236902,17.298936907788306,19.73334008762576,23.48752492200822,6.9786456693842585,25.716707693259732,0.6965565056621216,7701.0,703.0354002964384,27.588607777551513,22.30907571670842,8.63657617872451,16.831320607713284,6.500801101380948,40.666248850826705,Belgium
785,55,43,6696.0,0.4659279778393352,3.6458245817560786,14.043010752688172,20.053940067505565,19.635966698082623,5.95095325833862,23.192355095241155,0.8322879330943848,6842.0,553.4373863499138,23.9719804603005,20.771920548329376,7.202853780523683,14.429406606255482,6.528057613393468,37.593200279505126,Croatia
912,55,43,6701.0,0.5267045454545455,3.654357820507601,14.154454559021042,21.16140114271883,19.245908038677246,5.997704255281551,21.7113172121328,1.0356663184599313,7314.0,454.10545210595143,22.163466455586107,19.32365102840189,7.033726350425007,14.065217391304348,6.186755257492203,34.99441982619843,Czech Republic
776,55,43,9645.0,0.5160807778608826,3.7078509355733993,15.687506480041472,20.52074572189267,21.06211179837022,6.189986091063295,23.80723304990398,0.8053913945049248,8986.0,586.3718647550627,25.286857125075787,21.105198361024783,7.559737223026389,15.161028266191854,6.218103059804537,37.708513384992386,Denmark
768,55,43,12630.0,0.378476084538376,4.483266047547333,13.39667458432304,21.153303896990565,20.226871803694166,6.876087807991617,24.127925014598237,0.6813935075217735,12259.0,442.28390939139103,20.623883476117122,19.62684035817387,6.715440516044746,13.657149849090464,6.384116320628975,36.18803565029644,England
1835,55,43,3858.0,0.5344827586206896,3.3977975016855764,18.02877138413686,21.328843001787014,22.482155179917736,5.697513610874163,24.608935301291076,0.9502332814930016,5859.0,780.8118887529604,31.837795192798165,23.582814504988203,9.413381123058542,18.27905785970302,6.864379353222582,41.05281991561898,Finland
771,55,43,7141.0,0.3933300637567435,4.250491603510658,14.885030107828035,19.371703112669373,20.675125550668586,6.835694393827883,23.625721654780467,0.7209074359333427,6402.0,542.1234976800456,23.873247573685273,20.73903187817099,7.2184033744727385,14.515151515151516,6.56388931141033,37.95634908271646,France
770,55,43,7558.0,0.40586690017513133,3.9858338551939854,14.909632177824822,20.352835991738075,21.110405279811424,6.868937086654184,24.01410469829549,0.6293993119872983,5017.0,512.7086224035016,23.07215465068346,19.869146388576898,7.091942560829677,14.230815228224039,6.034425512785233,37.151891947556535,Germany
916,55,43,2974.0,0.49164345403899723,3.852639386874402,14.045729657027572,20.905231817972712,19.612508744235214,5.629238992585156,22.214093097858676,1.0729657027572292,5988.0,502.1133118608173,23.61573282652238,21.796658523517287,7.936539746158985,15.240146960587843,7.402034751162883,35.76186456548305,Hungary
914,55,43,13674.0,0.39834668044432964,4.135263689723473,13.973307005996782,19.202536640793525,19.78741366006482,6.597103562162878,22.803340013298598,0.7966944566330262,11886.0,451.2413629041854,21.12110133507126,19.680779238898747,6.678234501347709,13.58253407370015,6.315477158222621,36.880524544215135,Italy
941,55,43,7072.0,0.45095095095095095,3.7231997246465274,15.535774886877828,19.877260533760655,20.578819919415775,6.438628133941981,22.72535431355772,0.7989253393665159,5661.0,560.1034334907486,25.399898329997402,20.161462419345042,7.560854972619678,15.130718954248366,5.973636746350952,36.83986645794875,Netherlands
2358,55,43,3951.0,0.4865403788634098,3.630153193597835,14.951657808149836,20.571019578824114,19.832644759363387,5.8455008241995365,22.454038532222754,0.9508985067071627,5285.0,540.3147771175041,24.787742151909764,20.152685462324406,7.678713339640492,15.18240302743614,6.309007505909508,36.829631243384284,North Macedonia
789,55,43,4146.0,0.6190476190476191,3.568474594401565,18.104196816208393,20.609200649003746,22.617983286866224,5.891556817759514,24.470100554022114,0.9368065605402798,4469.0,693.0452579918609,28.71213574551989,22.575479385778934,8.719176549563661,17.1850525844708,6.276582551536295,39.20785344102375,Poland
780,55,43,6540.0,0.37195767195767193,4.548788664625456,14.804587155963302,20.122926241739222,21.700309639985587,7.254212239241821,24.730117801786207,0.6605504587155964,5975.0,549.890889436857,23.957578765252332,21.026052228812226,7.44749623178697,14.860585774058578,6.591020727156224,38.73126469160554,Portugal
796,55,43,3982.0,0.5872093023255814,3.63435290739898,18.27800100452034,22.304425751395005,23.49629418445307,5.995148430936915,24.80577825366335,0.9409844299347062,4936.0,832.8050519681506,32.31251289070257,23.876168002370196,9.27208265802269,18.284035656401944,6.558977865905522,41.58999234808906,Russia
942,55,43,4157.0,0.5257731958762887,3.8598555403058254,13.759923021409671,22.78944260369365,19.207906072769752,5.946078399163665,22.285920414260055,0.8474861679095501,5221.0,473.4257521074066,22.820798603285883,19.72801990219097,6.953323088743757,14.001915341888527,6.313670110445528,35.06053412007924,Scotland
908,55,43,4457.0,0.44842657342657344,4.571362028843345,17.764864258469824,21.129633680633475,23.414231627330658,6.760695772671483,26.265445859257532,0.8584249495176127,5116.0,737.6294954391526,27.743957399424065,22.88561451927742,9.076261243644897,17.569194683346364,6.585417972226899,42.30063489754737,Slovakia
772,55,43,15255.0,0.4066507281025864,4.185478171721848,16.421894460832515,19.481597718216644,22.437386754904473,7.147346370836086,25.825099430117895,0.618026876433956,7182.0,653.8820750127416,25.916216398934093,20.382611841852317,7.979390057095112,16.132553606237817,5.011589541097878,39.937100479112324,Spain
790,55,43,4871.0,0.5412772585669782,3.652587047766074,16.35639499076165,20.699817339138722,20.357549793614055,5.9253374441775,22.205404482449136,1.03161568466434,8212.0,593.8895707782158,25.409724218307822,22.591658878574744,8.577452772699573,16.737822698490014,7.353823754571536,36.68855827654311,Sweden
773,55,43,8069.0,0.4913162705667276,3.4816383442359293,14.897880778287272,19.898944875796733,19.96879070516677,5.82515955020189,22.72249048640058,0.8241417771718924,9467.0,579.4460503668569,25.10825977753359,20.825538320163922,7.959302325581396,15.856554346677934,6.477486950653658,37.53987531779783,Switzerland
909,55,43,4673.0,0.45782145782145783,3.870791825333715,13.792638561951637,20.035636567784934,19.03677495558078,6.112701108452728,22.22317340280886,0.923175690134817,4799.0,459.3176877548873,22.13855912326597,19.157086059791087,7.108722871452421,14.041050218795583,5.973969721956755,35.62305616265456,Turkey
911,55,43,8593.0,0.4081967213114754,3.8466478692045385,14.855580123356221,19.288945893897377,20.006755741970153,6.294348549018056,22.802307550195657,0.7933201443035028,9091.0,508.89070697330317,22.888599128218374,20.39903818927134,7.735770120004404,15.071059289407106,6.821083229401693,36.22585594066522,Ukraine
907,55,43,4437.0,0.5379965457685665,3.6625495648933333,14.430245661482983,23.512748265557676,20.130737375506524,6.055029340264695,23.218836901454114,0.8918187964841109,6516.0,460.70671076633255,21.328359653421106,20.700273214270037,7.129940027679533,14.272099447513812,7.221503037607896,35.76491928013748,Wales
906,55,282,3779.0,0.4990234375,3.748470165337586,16.829055305636412,20.520865147076456,21.74343551198397,5.805054313127085,24.291592883506286,0.9301402487430537,6346.0,644.8282125061642,27.16227575058951,21.98594140780002,8.974787267570123,17.470375039394895,6.7943892240367205,38.232994569167836,Albania
915,55,282,6539.0,0.5051194539249146,3.790433869650899,16.863128918794924,19.589783640311207,21.944463497702905,6.313668860840422,23.771944815330766,0.8487536320538308,5617.0,656.9272642037481,27.11981987230759,21.21689528954013,8.0788677229838,16.184440092576107,5.691095451902032,38.22055248999202,Austria
782,55,282,6700.0,0.4066666666666667,4.373162570786262,15.607611940298508,20.6442767130801,22.223353454141332,6.904284274343105,25.122558328972023,0.6213432835820896,5954.0,662.3720371097983,27.199652304178862,21.634592824367424,7.975478669801814,15.979845482028889,6.067430514794023,39.589406074380086,Belgium
785,55,282,5499.0,0.44466666666666665,3.720849496210969,17.762865975631932,17.850327653245106,22.133496690417502,6.092765835374064,24.058417457875105,0.9121658483360611,4496.0,715.2525590550994,27.493241702850252,21.544343889347076,8.816948398576512,17.468193950177938,5.51031452966586,40.48310651558739,Croatia
912,55,282,3460.0,0.6236203090507726,3.5808261474731893,17.073121387283237,21.640014903641216,21.760561436639755,6.169627759513096,23.383824145060395,1.0679190751445087,4841.0,671.7931107297946,27.105401339794895,22.336190653861614,8.892377607932245,17.420574261516215,6.45834299288077,41.216321881366014,Czech Republic
776,55,282,7136.0,0.40932889100428366,3.7551063609683104,15.432174887892376,18.700299507630355,20.15865413269698,6.376579237396555,22.957185503949436,0.805353139013453,6206.0,550.8114011010694,24.208776655312153,20.46393805741331,7.727815424330429,15.39590718659362,6.253534104536215,37.571682598825,Denmark
768,55,282,13131.0,0.4138552665464847,3.9978951643404126,17.04226639250628,20.028592510622587,22.458908297022575,6.748467164418277,24.731355669412277,0.7303328002436981,11212.0,678.7051803551695,27.005836085851445,22.167252694371907,8.533000356760613,16.912058508740635,6.428529720784741,40.11999732105643,England
771,55,282,10345.0,0.4147339699863574,4.138542868871546,16.252295795070083,18.82346686050638,22.148140952455545,6.656159055046102,24.83849681611823,0.7487675205413243,10246.0,654.2546268235577,26.320813223042144,22.239790602329194,8.018073466197734,15.95432363849307,6.831410770566842,39.334701599494466,France
2138,55,282,4663.0,0.49699570815450644,3.58614146161054,16.8076345700193,20.55483453921056,20.669839915185673,5.551170197484597,23.183401152311205,1.1014368432339696,8194.0,633.3648191214634,26.950110911035825,22.24422630511361,9.152794727849646,17.720893336587746,7.074020975435037,38.78287165951045,Georgia
770,55,282,10508.0,0.43558880936890043,3.7369706846977095,16.2528549676437,17.845938898490942,20.065533313612242,6.396787749411484,22.235667023703837,0.9190140845070423,6738.0,563.518542791854,24.96270720369303,19.99963294909849,7.644312267657993,15.312555654496883,5.72035791724141,37.06718865108614,Germany
916,55,282,4013.0,0.5834879406307978,3.7038544518407757,15.301769249937703,21.308812038147234,20.416881757245577,5.7599090241903195,23.08607610603696,0.972838275604286,5698.0,550.273201536102,23.763195310890328,20.213376811139064,8.04734248504048,16.123025623025622,6.2940761195691035,37.93593136232596,Hungary
914,55,282,7149.0,0.4051556420233463,3.7916592443249852,17.540355294446776,18.15320221566617,21.98738356834289,6.362253632730684,24.06932575453761,0.80444817456987,6399.0,718.2067676315893,27.38077256235689,22.866722386699713,8.717299578059071,17.017346460384434,6.514747693780427,41.82609203139137,Italy
941,55,282,8996.0,0.3918813427010148,4.052274970863222,16.42441084926634,19.313520756537905,21.75838478875196,6.530708492324439,24.26777224906621,0.7522232103156958,8293.0,659.3240045663466,26.064677298550155,22.28543137806111,8.476408833112103,16.702881948631376,6.79608776710003,39.71650533177149,Netherlands
789,55,282,3853.0,0.49746707193515705,3.4263106541573674,16.671684401764857,18.66082307513048,21.172723832762856,5.487940392348126,23.259411426945842,1.0329613288346742,5233.0,685.6264856108432,28.38035413959051,22.13885311825954,8.708715596330276,16.884005350659276,6.463440862189286,40.11232040323845,Poland
780,55,282,11142.0,0.392204628501827,4.161428012461335,17.203554119547658,18.842702803021062,23.361312904186125,7.043281148677548,25.759192328550352,0.7118111649614073,6397.0,690.0748689898059,28.053310034131695,21.124768207296775,8.305455682351102,16.667969360637798,5.498244495258264,39.97373591878802,Portugal
905,55,282,4450.0,0.5475578406169666,3.735809834510011,15.512808988764045,21.805509727162033,20.740855166816086,5.869906387525521,22.80409864438633,1.0346067415730338,6450.0,588.7805401335855,25.125353159103405,21.215028778742244,7.9898942786069655,15.608217054263566,6.580480454145015,37.62746232300895,Romania
942,55,282,3967.0,0.5193868349864743,3.7592364532606815,15.281572977060751,21.60729916800191,20.270559658657362,6.031892796232436,22.697747288127776,0.9185782707335518,5061.0,509.3448846479697,23.56102030393748,20.053432180998087,7.765894236482472,15.572811697293025,6.209928770242225,35.506132127944745,Scotland
786,55,282,4956.0,0.4151074151074151,4.268413852539029,13.989507667473768,20.88639146787707,20.739537467256,6.943889556306499,24.217269199398046,0.70863599677159,4961.0,504.9356272679685,23.45732529987377,19.860391828505556,7.216794509487283,14.515823422697038,6.521972273633856,36.62489692922594,Serbia
908,55,282,6065.0,0.5066744051073708,3.7355245648062154,16.82489694971146,21.146618812270216,22.50825449187052,6.224682475946664,25.07658029146081,0.7942291838417147,6892.0,650.1286732780169,25.889078999371645,22.972188073296344,8.432240278583865,16.59141033081834,7.119879111775248,39.606672658511464,Slovakia
944,55,282,4736.0,0.5935098206660974,3.4598035475485847,15.334037162162161,21.920342631795734,20.25348968185193,5.540399686414522,22.306946635281268,1.0886824324324325,8424.0,592.1522850486277,26.178176723963446,22.02709092671692,8.19793275513841,16.045109211775877,6.747090359568175,36.8175732841911,Slovenia
772,55,282,13300.0,0.4255262456701306,3.8992760123009798,16.287593984962406,19.541940716124838,21.8614148101685,6.624972198343602,24.659709826120704,0.7448120300751879,10069.0,629.9853749553025,25.380945838015094,20.74547694250841,7.963036565977743,15.997020558148774,5.768122082944475,38.88411774812694,Spain
773,55,282,8095.0,0.4564537740062528,3.4047047447005503,16.905373687461395,19.184374941329807,21.530214211265736,5.8936917253912195,23.758671536074083,0.90142063001853,8734.0,654.6116151548284,27.30472631969162,22.018880319977917,8.663040989237462,17.184108083352417,6.293912773378948,39.37118433458728,Switzerland
909,55,282,7357.0,0.43840399002493763,3.9794732498254333,16.737664809025418,19.4755036420693,21.67884694252261,6.430406193174033,23.68040358662222,0.94943591137692,7571.0,645.2286563954359,26.038854617492365,22.236123721080336,8.550858652575958,16.78523312640338,6.589946475236782,39.04438383279496,Turkey
911,55,282,4691.0,0.4084084084084084,3.9892687606238213,15.322745683223193,20.8270734818643,20.86753887615129,6.711994112535065,23.03141540389946,0.7778725218503517,4498.0,561.8900673674332,25.83145824170075,20.730000532060927,7.746883348174532,15.269897732325479,6.1856207616259775,36.31483572561952,Ukraine
1204,72,107,4252.0,0.6545123062898814,2.67867831984402,14.705785512699906,18.476942999383144,18.250972889838888,4.635711010709446,20.71378897026346,1.190263405456256,4588.0,474.86450217777013,22.710161682112407,18.958107099601275,6.983139916794395,14.180906713164777,5.684205635911617,34.77714087389752,Argentina Women's
1205,72,107,10122.0,0.6402529761904762,3.672794468625061,13.426990713297767,20.96436826335767,18.157327789951182,5.685511715908864,21.320614192333217,0.9772772179411183,10617.0,430.75691364430395,20.942920784638883,18.646912584489275,6.839425710777369,13.716398229254969,5.636504373064679,34.08276912422536,Australia Women's
1203,72,107,5330.0,0.5940660822656777,3.305001856161249,15.140525328330206,19.238252695548113,18.78768249734526,5.4375770148497296,20.879032077512097,1.098499061913696,3599.0,418.9687702114801,21.501832366242198,16.863645604912282,7.113086968602389,14.391219783273131,4.172997301446354,32.387859317626436,Brazil Women's
1206,72,107,5122.0,0.5711267605633803,3.9274460594106966,15.16204607575166,20.950494419268676,20.413867174721624,6.3219510062230935,22.56209805357349,0.9230769230769231,3545.0,553.9167821623423,24.709345518698793,18.35724370468296,7.4848998024273214,15.154583921015515,4.263974419701956,36.2120827762766,Canada Women's
1207,72,107,4105.0,0.6526418786692759,2.894136713028864,15.243605359317906,18.967286722282736,18.31133339098128,4.53543422173359,20.29615409552202,1.2876979293544457,5676.0,467.93250741687376,22.61192664357672,20.124733594927275,7.492771509167842,15.199260042283298,6.7020606173597725,33.29500453572605,China PR Women's
16802,72,107,7286.0,0.7082338902147971,2.9436186810424716,13.96815811144661,19.835674261250134,17.504747231796898,4.500276366876547,20.188993982790826,1.2333241833653583,7639.0,482.7927301229494,22.58876911981998,18.299063421088913,6.818074501573977,13.908626783610421,4.9908131882196995,36.57141374737336,Colombia Women's
1832,72,107,3818.0,0.5618615209988649,4.020339084686112,14.065479308538501,21.56430250654074,19.014463506809435,5.589913857854766,20.949379460790933,1.1673651126244107,5129.0,452.2286919100258,22.022849882030194,18.441745190793057,7.314096315071164,14.448430493273543,5.612236453480066,34.27818866502675,Costa Rica Women's
853,72,107,6306.0,0.6118963486454653,3.8052461864411007,13.286711068823342,21.257909084036218,18.391041993968102,5.830076043679091,21.2565079184634,0.9272121788772597,6193.0,427.16539595222355,21.76353906443687,18.472145585206835,6.7634130575307045,13.668981107702244,5.487020726269448,33.11730578939275,Denmark Women's
865,72,107,13314.0,0.5114093959731544,3.9295856148079036,14.008562415502478,19.9113361375866,19.400929383923298,6.131970185550742,22.22025873313836,0.8391167192429022,9147.0,437.33049125932695,21.523387433875513,18.08175828257998,6.8180424786511935,13.850224117196895,4.75498231612583,33.979848769832934,England Women's
861,72,107,9068.0,0.5780156442980651,3.7537203717043472,14.23103220114689,20.367250979625,19.31774417824264,5.853892174219853,22.01159534928094,1.0183061314512571,6057.0,457.650589103148,21.68976092846268,17.481668111072622,6.961335095836088,14.306422321281163,4.3643781960573165,34.821376342999976,France Women's
857,72,107,6205.0,0.51847640704946,3.9150232303128454,14.554069298952458,19.06094433945991,19.165170120245143,6.167327517143046,21.402524904465814,0.9218372280419017,3496.0,496.6309405301867,23.468994913921968,17.186334233679965,7.310166570936244,14.654462242562929,3.746129043230943,34.999265337494926,Germany Women's
2355,72,107,3588.0,0.725,3.4474860967489183,14.186733556298774,21.91789326923671,18.667478497976983,5.012110479077914,20.70198003378154,1.1014492753623188,5314.0,479.1357943038384,22.778165938300624,19.025711812970393,7.066390041493776,14.069815581482876,5.838087642838045,34.87848317656579,Haiti Women's
855,72,107,4897.0,0.5789473684210527,3.501506206729053,12.512558709413927,20.417180086004272,16.831276645294867,5.356703368315885,19.992596285896372,1.0320604451705127,4116.0,366.6790864225076,19.412791647282347,16.436536122309995,6.391632206275846,12.907434402332362,4.286775880862367,32.470707935580535,Italy Women's
1212,72,107,4836.0,0.7870791628753412,2.771313930224757,14.45409429280397,21.055110710596864,17.504115289626384,4.541417447029627,19.19969968682756,1.3990901571546732,6565.0,445.2452032022228,22.756385804132425,18.491301955859637,7.3010670731707314,14.52947448591013,5.3545214560796275,33.19367941192133,Jamaica Women's
1210,72,107,8738.0,0.4991714995857498,3.837679171742509,14.177386129549095,20.216519967557,19.330649452441623,6.1307720953979254,22.58001177124989,0.7554360265506981,9112.0,410.632098592013,19.677439981103216,19.13186312251348,6.527373068432671,13.532155399473222,6.049575746833513,35.41499174409312,Japan Women's
1211,72,107,3846.0,0.7652838427947598,2.715801266601203,14.98829953198128,21.10554492847623,18.685678011586162,4.344858693015268,21.153283782034546,1.204368174726989,4556.0,477.52759003027654,22.806589465062366,17.95872070465323,6.950736749505168,14.207638279192274,4.875549350459392,33.68157919612608,Korea Republic Women's
2391,72,107,4752.0,0.7101449275362319,2.4875936066848223,15.345328282828282,20.581560916778226,18.588502624277833,4.022680273166368,20.362698039521835,1.3983585858585859,7861.0,551.6483354162337,23.594937958251094,20.266209161738743,7.603800051007396,15.165627782724844,6.1798215222024675,37.32092377683685,Morocco Women's
851,72,107,9345.0,0.6196078431372549,3.071867031463113,15.044301765650081,20.72049755197981,18.905795689504043,5.346843240253829,21.466261129560817,1.0131621187800963,7427.0,457.04595764253224,22.591332297641824,17.354137827107348,7.166711553999462,14.543557290965397,4.080005772528546,34.339600321691954,Netherlands Women's
1215,72,107,5048.0,0.6326230712711242,3.6076220467488387,13.478605388272584,20.93608838468232,18.311617842493547,5.767374828753997,21.575136106492035,0.9566164817749604,4142.0,443.29338380005385,21.606758052081005,17.76373233161683,6.737530266343826,13.74625784645099,4.676241263553215,33.999254435173945,New Zealand Women's
1213,72,107,5221.0,0.6228430566967954,3.4984946337741536,13.379046159739513,22.502895715656898,18.32287104243887,5.225236582887296,20.95942131835758,1.0791036199961692,6951.0,441.97371160941896,21.795289409623326,19.189098722064372,6.72367849384504,13.481369587109768,6.294761437176946,34.04521179709829,Nigeria Women's
852,72,107,6478.0,0.5458057395143487,3.836389714599072,13.478388391478852,20.325224835422993,18.630055326367984,6.031645013515642,21.871067765374967,0.9237418956468045,6023.0,435.55061500046475,21.109539551976454,18.84991453429813,7.220742467121691,14.332890586086668,5.839971850792327,34.433612452632886,Norway Women's
16803,72,107,3399.0,0.720112517580872,2.7663622867227717,14.751397469844072,21.317754848579682,17.71265573015762,4.249035323540042,20.173943486693847,1.3448072962636068,5210.0,518.0958542411496,23.79635322488792,19.773525323190686,7.68848368522073,15.101919385796545,5.931041208267473,36.13030573011009,Panama Women's
1106,72,107,3327.0,0.6762295081967213,2.8376607757900993,13.590021039975955,22.460565490413323,17.568229547552836,4.653376752743822,19.006505788599764,1.2164111812443643,6187.0,369.59332484748796,20.262509870910407,18.92459504255415,6.587111398963731,13.308065298205916,6.426222796166908,30.522356138273317,Philippines Women's
864,72,107,4617.0,0.6026711185308848,3.199717438201046,14.717348927875245,18.81568817361455,18.43798951969842,4.912641278601371,20.354267588003594,1.053714533246697,3808.0,483.22366405709863,23.822293527817,17.51171140223957,7.197216386554622,14.591911764705882,4.222240459271553,33.640751583336495,Portugal Women's
16768,72,107,4267.0,0.5692742695570217,3.436512751609052,12.89102413873916,21.13348596512862,18.02726998569421,5.510353757876087,21.00185173675932,0.9662526365127725,4890.0,377.58455397085334,19.256621394485173,18.87900842733856,6.202844774273346,12.8439672801636,6.369738884836599,33.180839834986315,Republic of Ireland Women's
1216,72,107,4856.0,0.7125237191650854,2.4907286416545715,13.56013179571664,22.721640681039425,16.905858940192374,4.249278928934937,19.20565165080422,1.2697693574958815,7212.0,435.60802092499034,21.84857075458484,18.718846680386243,6.839621328135876,13.684276206322796,5.951824015026836,33.52410615981382,South Africa Women's
863,72,107,15327.0,0.5921969345099861,3.2853524310465434,13.864030795328505,18.261987407246142,18.038144826408022,5.475878401712671,21.401832974456283,0.9765772819207934,8854.0,414.788131966644,19.643271935172596,17.068464990849773,6.617700316885468,13.66546193810707,4.207808468002322,35.73363492225805,Spain Women's
858,72,107,11347.0,0.5663775850567044,3.660338801594117,13.505419934784525,19.936925267495084,18.521014449895155,5.600007347581688,20.811654244267448,1.0069621926500396,10955.0,407.674767171281,20.97384671473823,17.51801334050654,6.713293106600841,13.590050205385669,5.001164501812802,32.32367500518684,Sweden Women's
860,72,107,6849.0,0.5250395361096468,3.8482801065281986,14.791940429259746,19.97256486522606,19.71749222774197,5.927895246728888,22.55521882735148,0.8966272448532633,6922.0,508.8439690735058,22.696265124265352,20.008546643405992,7.359664351851852,14.861600693441202,6.41168431199916,36.041825013210946,Switzerland Women's
1214,72,107,6616.0,0.6606519208381839,2.9926555269453687,13.578597339782347,20.487016297417327,17.79065322197568,5.161798243365471,20.540326589384605,0.9815598548972189,5909.0,401.3748156106793,20.762757386280573,17.36414071559992,6.602405556496697,13.637840582162802,4.96519263642118,32.568135081050904,United States Women's
16769,72,107,3253.0,0.7144827586206897,2.479894881516594,15.496772210267446,19.748977761187025,17.814148692245155,3.967779191630668,20.129257550809392,1.3052566861358745,5904.0,530.4705193902396,24.132909523906292,20.105337381614646,7.998640611724724,15.56419376693767,5.966202518395537,36.36988974079536,Vietnam Women's
6045,72,107,3991.0,0.6130483689538808,2.8747954782141756,13.655975945878225,20.595576743097656,18.377792977265866,4.775679140352194,20.802647532656508,1.0253069406163868,5922.0,467.2275276508257,22.21250886256954,19.416063021714358,7.030446549391069,13.82792975346167,5.91188551488924,35.15287207570864,Zambia W
